ticid,tmag
27405176,11.5609
3714087,8.3096
44678751,12.4077
73886173,13.1068
29636302,12.3011
35744583,10.8438
97015435,3.9739
51736040,13.192
91334084,3.4884
73884611,4.3034
95003423,11.49
40048553,8.4131
95662153,10.4527
2527981,14.456
77161543,5.6226
49504742,14.1714
1538794,12.375
46382605,3.857
1027928,8.6301
17773418,13.154
85100371,12.2026
16006683,13.1443
76287859,13.6219
82362447,15.2474
35001854,11.959
11756637,12.9
61097894,8.5548
30136789,4.6952
57830249,11.9619
32287143,12.7336
52280468,12.3123
96867956,12.4267
8988730,13.383
82868288,5.3249
80217578,8.0309
63006660,14.8204
77954301,13.0333
19028197,10.2479
27472040,8.0428
54234963,12.6867
58732360,9.4103
58288494,11.221
95112238,12.2745
61228605,12.4271
60436937,10.9475
58229208,12.8627
55852584,5.6103
79287361,11.3496
26597569,9.5053
81292606,11.8379
66790325,4.65453
8769657,12.8899
4618835,2.65039
38936062,15.1445
89043241,15.5319
32445095,4.88021
26017840,14.4216
77954300,13.6811
1694373,8.8978
80427281,11.1395
66101152,12.3724
11528274,8.7527
66509654,13.4616
86232609,9.5639
65570080,13.8161
13118768,8.7282
20605548,13.5552
61438761,13.9527
91064991,13.1097
29859905,2.89445
86267604,13.1398
40028036,13.4264
84752981,12.0245
61351519,13.6731
1587780,14.4028
85645958,8.3359
77437462,11.58
45434485,14.7906
38841079,11.6028
80015851,4.1427
69474391,11.5123
68681795,12.5821
38474819,12.425
14675072,9.2834
68056555,5.4485
95742888,9.3016
27773627,13.6215
13062697,8.4364
800254,14.6541
3921749,10.8462
59442576,8.9188
32214841,13.1982
13021681,13.9338
35227580,13.0189
16881755,4.2976
37227594,11.7005
86888970,5.6543
58084670,13.5761
21287536,16.1231
68045818,11.5044
4287299,8.0448
88140945,5.6646
47394304,8.4943
62637242,13.9001
84212221,14.2853
70655628,13.5422
75869558,9.2501
49077681,13.689
5805037,12.5093
63459761,10.9329
27635603,14.0843
46412659,9.3225
38762657,8.2591
27307817,10.4284
78076566,11.1336
48504442,15.2199
38768391,8.8749
9761867,11.9991
71274771,10.2036
37227918,11.8317
38678931,12.1418
77557473,11.2546
68812630,13.595
64783257,13.7831
15940211,12.318
91306046,14.4131
33472680,11.2219
58281558,11.0811
26539759,14.4839
97041244,12.4137
62440434,5.1271
49745519,13.7723
1119459,13.1373
80881609,11.6161
22275280,11.158
92313821,8.1445
55523561,8.2203
83382885,11.6357
47848180,8.0848
27065525,17.4763
4159461,14.5982
46260467,10.6041
85100368,13.6438
76346032,12.4591
46432937,12.3718
74828497,5.5532
47336389,3.89876
96625911,8.0041
31933620,8.1434
58601266,15.9753
6951741,15.2035
6126280,8.3847
25375770,5.9153
54245747,11.1094
77106317,3.8958
56222648,5.966
16805617,8.5046
85919898,4.9991
12723924,9.3076
19395676,14.5961
45044984,5.7298
32092813,12.2876
63188529,8.0209
11437325,11.0954
28188795,11.7584
32150630,11.9631
92740519,12.9102
31054255,13.8311
86184105,14.0189
15937107,13.0232
84692808,8.0885
61197299,5.97257
46362153,12.2048
29786532,14.5317
79174902,11.5277
98854348,11.4101
50656379,14.5237
32285537,13.3292
81392724,8.1856
46679002,16.0266
64360680,11.9244
58231482,9.55716
95622636,5.2831
33833289,5.4883
52518826,13.5284
39998953,11.9546
38872334,14.3163
31560152,8.0356
59453477,5.5709
27092236,14.0479
49223792,5.992
51960132,13.6618
29854488,12.0189
82158637,12.4284
68947171,5.7618
20308434,12.7219
10686217,11.4747
44890224,14.5142
1827590,10.9915
43136226,8.1148
4205427,14.5618
49433421,11.3764
69874547,12.2202
88879650,8.4875
31399867,15.8927
92704897,12.217
20497187,14.6285
54231347,13.7888
80089045,11.5073
19564279,11.0394
89787749,13.4259
31530164,8.4586
3370567,5.32734
9994308,12.4146
32959497,16.0372
38586438,11.6704
7980490,5.7698
4200337,13.7361
21223933,16.2224
69278194,8.6738
91704666,13.7605
92346890,11.9689
58284638,13.1749
30762052,8.1004
30110465,4.7734
35156413,14.9299
25858367,4.4746
38699658,4.5017
78234838,11.9582
42254138,12.1671
60021168,4.5227
35349987,11.2756
56324924,5.7399
84336941,11.6656
7160677,8.3516
13684720,12.4647
90952331,12.6314
24014740,8.7566
14722732,9.6181
49745515,13.0561
88479623,8.7359
54611816,13.8258
54486859,8.3736
91542943,13.3099
71886782,8.0211
29825720,8.338
56658816,12.9735
40865723,4.39615
99028319,10.8065
12158853,11.6303
79224016,17.072
38679390,14.3127
46532998,14.7014
64010439,15.4067
27654301,10.7242
88921773,9.4302
45965273,13.285
51940299,8.1434
30476113,9.3853
55278292,14.3079
77951245,12.4258
63189173,12.8033
20886972,8.373
38023570,15.3533
96205005,10.7868
61492170,14.4611
50619984,14.4075
30722080,5.8686
23750706,9.3397
67512202,10.8746
92740216,4.8041
4300927,5.2147
75818403,12.5695
29720182,8.7618
32687020,5.907
30041152,5.3431
12857184,13.0041
70785639,14.4743
37149234,8.3761
32537310,8.0639
34520027,8.6452
38680052,15.7438
80025900,10.7378
39426509,13.0392
24912242,5.3101
53682439,15.3426
21275706,14.5142
35227582,13.2866
67396104,3.97231
10763551,11.2328
4430718,3.5026
59836633,11.3841
29281992,2.5276
37146332,12.4106
58177093,11.4798
68083191,13.1674
38494096,14.6672
63417378,5.5602
70441350,8.327
53997651,12.7228
43472931,13.4912
70781964,8.0906
71957356,11.2569
35200790,14.8031
41536849,13.3742
52583022,13.175
56624887,12.5998
26055691,5.3402
73538591,8.4926
94723414,13.8183
75880145,5.5312
2941693,10.3699
52172862,4.1888
8988289,13.1186
38734298,12.3344
63307184,14.4117
78450017,13.4687
57528302,13.7267
12862119,15.4968
56300968,12.7559
76166190,9.2057
1564504,3.75349
60163857,5.5621
52357,5.75337
56551184,5.226
50308940,4.5054
86954413,5.9288
17071746,11.8004
89402158,8.3771
60890639,12.7478
33416133,14.9987
29388651,4.6574
70553662,11.9696
32068898,13.818
92938279,12.5418
92447866,13.5415
45500783,14.6879
88121996,3.17257
84628518,13.2005
29433169,8.3993
95853888,5.1371
96680760,13.2776
36806408,8.1066
49178630,9.6426
65166748,5.7201
50753397,13.1933
12086808,5.18933
55453391,13.5772
88611390,9.4973
38841390,9.2565
4742129,11.2057
84949953,5.64067
51270903,11.8131
46974096,8.1091
34518642,13.4571
91098095,8.3838
82858383,8.3847
32759110,12.5738
83391903,12.4219
38690179,5.8406
4247738,14.5408
1190662,13.1743
38585053,14.1726
98690271,11.1638
54724220,5.9136
28198293,11.575
95436655,13.9101
53421179,14.4562
20308433,12.9389
37570528,5.1219
55298910,3.0756
86024408,5.3177
65198269,8
21182912,11.8606
98921788,13.595
32150999,15.9804
16271601,11.9189
15230595,10.7142
6138232,9.07516
28754926,14.3622
49695352,13.373
56551765,10.9629
64360693,12.9055
38634082,16.5902
57513388,9.3805
6953740,15.2187
84862300,8.1941
2601692,12.6724
29493647,8.7661
33425108,14.9648
61767312,12.8417
38702780,8.6099
41230564,5.5231
60903514,5.43163
96139953,11.574
66747411,12.2749
5868998,13.9372
28351918,12.0493
77437461,11.3052
59879081,11.2937
146559015,11.5576
193258096,5.7369
139349813,15.5731
152581643,12.2096
157571722,14.3923
156196742,4.2412
138353604,8.292
142015852,11.4222
144126053,12.7233
100481123,11.6876
124350360,9.19014
103683084,9.943
141227133,10.251
114988852,5.8516
142933407,15.0059
121554340,11.1863
188626156,5.7319
129309458,13.4679
163772030,13.5547
175385241,13.5455
158849879,13.395
207205231,3.483
176775425,12.6151
164463140,5.0333
156336605,11.6111
158612466,8.9621
123884409,14.9765
138655186,5.32722
112176566,13.0631
183639961,8.9686
176221385,2.2487
197570458,13.0839
134848563,13.2966
148191164,5.9844
132298139,15.0901
174527909,8.0284
204546795,14.0667
129140860,8.0344
187316023,8.8035
185805011,13.3163
182266101,5.0896
195184047,14.8081
158675248,8.5242
119502952,8.4109
176002944,8.7374
160465107,8.9208
194519033,10.9976
175232558,15.4538
183637477,5.7532
165227846,13.4581
157751050,14.0196
167325134,13.5976
160197791,10.7636
196904510,13.8751
160136631,4.9338
160453778,8.1701
99330898,10.5573
115980439,10.9298
150359500,9.74783
172712050,10.0572
140214098,14.6125
150322544,10.3697
167720039,5.603
126916589,12.8629
149826377,13.4391
148841573,9.4567
144438547,4.1804
167524278,8.1552
122683575,16.4138
148646689,12.1416
192727223,8.1715
178284729,12.2688
148894196,11.7074
198390707,12.2469
112077128,8.55731
183560893,5.5139
166808151,9.92552
192729737,10.7644
166090445,11.7187
114084277,14.4119
150167319,13.7043
197183006,14.3421
112642190,5.4072
199574208,10.1645
121515611,4.79069
165551380,8.4777
145326165,5.9691
145482588,13.1525
165145322,5.7688
170627705,11.7992
160523885,12.5731
194028403,12.5023
116342134,3.7663
207621404,13.4166
167814455,11.9333
152250937,8.4885
175471896,5.73237
149185599,4.048
128720250,4.5322
130134399,8.0441
149059954,8.5996
101365484,8.1919
139157560,14.309
153672817,12.4813
165909066,12.4729
102063843,11.0985
117549840,12.1607
178354956,14.1326
167896870,12.4291
167796747,13.5035
152226902,15.9615
164192558,12.3217
188289434,9.3342
140527781,8.0334
148605557,13.7259
168426455,12.8235
175795379,8.1536
146165619,14.1858
125754985,12.3963
125978066,13.8291
121785583,14.0016
182776916,4.6683
141807839,11.2111
142409400,12.6586
150320620,4.4955
181163751,4.5719
134873712,9.6156
160134482,11.8028
159172549,16.4013
180670276,14.2379
197845877,5.2634
174293995,8.089
147439854,8.7466
166342286,8.2818
120422800,4.1091
160328683,14.1969
159429051,12.1766
177590238,4.33253
176930969,5.8799
185195065,8.932
178707278,12.4608
157499243,13.6699
154927164,14.9721
104187207,4.87186
152502424,15.9261
159098553,14.9205
113241255,4.02413
174469887,12.4859
119132212,11.5517
101568867,12.1193
157316453,14.4779
128453434,11.3218
201177276,13.6521
158102157,8.9188
142977668,12.4925
141975926,11.9092
141914082,8.5581
175265022,16.157
129292407,11.9411
146712645,14.3268
160519380,10.5794
147529565,3.6157
136879755,10.4299
192683994,12.3413
143156471,15.3858
206605718,9.45752
141121793,8.2914
196902810,5.8264
176969079,5.50947
135220906,8.0078
114300563,11.0917
139285741,14.5202
184898467,17.8431
105656833,8.3224
184898464,11.0918
147975720,12.3458
158588995,11.8764
169385570,11.8773
199715962,14.8813
167088607,4.1483
198457251,13.0978
159440252,15.0475
113127215,8.5018
177353450,12.5512
165898206,3.9907
177352893,12.5621
172894215,8.4894
193624940,13.8461
187970011,11.3839
199978301,13.6201
188243099,5.7477
172533879,10.2157
165304716,3.5392
147809487,14.8509
185184731,14.5913
167813113,5.5267
161734785,13.843
198610218,12.5386
201233971,12.3252
190885165,13.2957
197598203,8.1986
203216382,5.4224
129893000,12.9217
173756896,13.9566
141334293,12.7255
146380072,11.3175
156532681,5.5551
188290149,8.5283
178246933,9.23662
137033152,11.0982
176980970,13.2812
129479481,4.4789
126194583,8.4822
175265064,15.3919
188529561,5.2383
149923544,15.2149
162585282,12.6261
149216532,13.2205
101060176,8.6134
117125013,8.3328
167656297,13.9386
186510259,13.9035
167458680,11.3577
147083431,15.0858
167339584,8.4369
144282524,10.7611
206544316,11.6337
172633559,5.6455
178949778,12.7368
198238974,4.73431
112243846,5.8519
121840452,12.6627
180674991,11.2586
144111199,5.9673
197960398,11.468
204940942,10.3245
192745373,8.2599
188293989,10.8705
149988523,4.001
173704847,8.0412
139993838,9.5963
167573692,14.6483
207435026,2.9865
120850781,15.2579
102284297,5.9526
119147875,7.81159
140580482,8.2987
112680448,3.1495
194179013,12.7825
100669667,12.5639
189565461,14.5285
135085696,10.0327
138910382,13.3203
167572319,5.2122
129813177,13.1893
118307280,10.9639
158551504,14.5818
207385593,11.2634
140687826,8.468
172938292,12.9377
141335886,3.5003
188318322,12.1406
164874335,8.0289
195184188,13.4943
203222637,8.742
119973372,14.0948
172489907,5.10371
172529247,5.4312
160619243,11.4038
137310514,10.5525
205749151,5.20646
208286471,5.7601
112022245,2.8918
198415364,8.3661
149347629,12.785
160328682,13.6188
120393598,11.6215
171774486,10.0691
163449603,3.5396
167304735,3.9414
128833743,5.6189
140968117,6.7998
191694822,12.8972
197788791,9.3721
175712150,8.0277
180945398,11.7233
202932384,8.2383
161290407,11.421
121839093,11.0343
126137589,12.0902
130792149,4.1537
133105082,15.0789
148544875,13.5221
101771735,11.7407
167344029,10.5104
176454529,12.677
157459952,14.8462
200698928,5.7458
150002985,11.6655
147784726,13.3993
100510452,11.9548
189639080,14.2149
184602707,4.3615
188777507,8.6941
205998850,13.5486
176963830,17.1787
144289734,11.1732
138653150,12.9612
198181553,14.4965
116853937,13.378
142257124,11.6359
195183319,14.0195
200743737,15.3614
181340978,8.1225
137347674,14.6656
119054770,9.2523
128622430,10.0942
177309964,13.1024
175969976,13.6381
150167002,9.8752
207693951,12.2383
130591245,5.7765
142875764,14.1152
172036040,11.8139
171970567,14.2466
148611095,12.0816
166787511,14.9962
152806029,13.6634
141151953,5.5038
197587400,12.7847
126428940,8.2573
177306969,12.2042
170662296,14.5537
140892453,8.1371
118088131,11.1961
167303776,14.1472
175315456,3.5904
206594870,15.8308
171518846,8.5023
143022688,10.2051
136464195,8.5363
165598669,13.4832
125755011,15.6981
146559012,10.82
118832092,11.596
111977318,8.2203
157912382,13.6491
160150808,12.5786
120824972,14.7688
149920149,8.2486
175241573,15.9295
202427680,4.5845
115440238,12.3768
166654885,5.4288
139121623,3.968
201234926,11.5159
175968351,10.3908
167664935,10.3121
207109794,11.871
183532608,12.7248
175239295,15.6988
172517058,12.0538
114819301,12.009
199977896,13.2731
150390189,8.5402
206556127,8.8209
140497146,4.4235
142106257,14.7495
170602411,4.2076
148218929,12.3253
99211574,12.0103
156091346,10.7501
167574667,8.1831
128446857,14.8445
158441902,8.371
155657581,11.1914
173706977,8.59
137121812,5.74336
165666968,12.4623
100508573,4.5508
180412528,11.3818
180671254,6.30321
160408494,3.54893
147709347,8.1236
156641899,3.6286
137823194,11.3521
146439804,11.404
114435818,11.9393
120254134,14.5847
143779404,5.2982
177116487,10.6886
141856710,3.9543
190332444,11.4216
174074977,10.9444
118807628,10.2562
158833323,14.9731
141141249,14.2437
119814259,8.672
117380199,14.7651
144539611,8.0934
278863611,12.6286
238162973,13.3872
230981234,4.1239
261061538,8.2489
269797536,12.6829
256865831,15.1469
253906975,14.5507
261046050,8.9495
257965568,8.0305
284490115,14.1449
260041674,5.4563
214529483,8.2213
219107776,13.9343
220432563,11.3002
271974418,12.1658
280163882,12.4291
268706795,8.2312
279318204,13.2046
229972643,14.7732
279856297,12.5931
237886661,5.67
232066831,11.4519
282498590,11.6749
281040489,7.9199
275911914,11.534
257394355,12.3075
229930587,13.2256
269762258,13.0246
261256082,8.1232
259901747,5.8531
238607424,15.198
238609772,15.3291
268401199,8.2132
231850364,13.5445
278373341,12.9355
229589801,8.6379
237939392,2.866
237886201,5.3469
284349207,5.358
216611426,8.9095
213158282,5.5688
266341626,8.0777
270348090,14.2111
247123279,10.7607
279092844,11.2429
230086768,13.4447
286680821,4.70938
234494090,16.1954
235950050,5.7367
271725679,13.4427
224308601,11.6137
278802982,15.5486
219238493,15.5558
233746932,13.4029
238611475,13.8361
272319474,5.3916
270676943,11.9147
229640235,14.6913
278987417,4.1419
208816059,5.892
229788204,12.1004
277836910,5.6023
288093002,12.5847
216868529,8.1956
277131946,5.2754
284575436,14.1375
260414764,11.4789
268781343,3.48085
259038627,8.5512
245799764,5.2181
278784173,13.1398
233130175,14.7203
220873834,5.5273
230200897,10.6073
214912513,8.1213
269841937,12.2253
273571987,15.2306
233199626,8.1205
278893765,11.5558
229945262,11.6707
273942723,13.3599
280161519,8.1235
219362976,11.3431
237912030,11.9811
238710438,13.3405
219975536,15.7051
237292421,5.8777
290194406,4.9209
271254534,16.5519
253973415,12.7274
270341486,9.8823
258279302,9.7198
278495830,12.9668
262195182,8.5921
239669736,5.9523
231740019,15.4036
256624190,5.6097
233625135,14.3115
237234188,8.1944
285732583,13.2434
237100139,8.375
258067744,13.2264
259731936,8.2827
235174974,9.908
220315592,12.1676
284326455,12.2341
220473999,8.116
238337815,8.9514
269746924,11.5157
262575578,11.4273
237925364,5.7988
253926767,11.3253
245834739,12.5458
257886530,5.4401
242594123,12.6934
281562429,9.3164
270716565,13.2415
219716387,5.8801
257720280,8.3085
272286122,8.4858
268218621,13.0191
243499565,13.2323
285181196,11.2321
245454701,12.5703
278270436,11.3647
260352702,13.5023
282278844,10.8828
259845346,11.2054
247180220,14.6594
258799793,12.0945
257373109,5.3297
233679640,10.8761
257292545,12.8454
211420407,5.0795
271755676,14.7658
258874821,14.2927
239200286,8.5947
229501503,14.9883
261401023,9.727
237885807,11.4651
224597929,14.2159
237956133,4.1479
233286990,18.8267
239187696,7.4167
271225404,14.8662
220424200,4.6563
274033063,14.4851
243335760,8.2261
262793508,3.2862
237948257,4.4725
223464453,8.4723
231082997,9.521
279484350,5.2001
252753599,14.4607
238900351,8.3409
241525834,14.85
260298958,15.0804
267116011,5.3073
235726293,11.5081
271864083,14.2064
237340839,4.6123
224602502,12.6209
219643957,8.4879
275051466,12.6271
278509633,4.9242
219016721,11.0045
211164085,8.331
238921760,12.4621
269402047,5.2351
236866702,5.5015
288601847,8.104
263978430,8.7017
229412903,5.4179
263822314,8.0653
233511804,15.5468
260984889,8.0481
252906811,10.562
210870052,12.9119
276963807,5.4271
268175418,8.709
287929217,5.33635
211258728,8.703
213578752,3.6736
229771234,10.7665
229616860,13.8426
222173967,14.0105
272679177,4.4901
214870481,12.0443
272232401,8.94488
257002934,4.9703
259070502,2.89373
268328695,13.3272
272086159,13.4004
279740439,13.5872
233751709,9.1407
230383826,5.3704
271722899,11.191
267390078,5.2192
235385233,13.7772
264301607,14.9343
272745924,5.8153
229597404,12.6601
238891168,13.7852
233531814,14.0431
262605041,13.1885
257340233,8.4293
254113311,10.1429
235037761,9.8567
276304874,9.6348
230087102,4.5596
285122856,8.0124
229098021,5.2387
267521367,5.9455
233738474,15.5088
233005572,8.0107
254046652,14.612
234512399,3.1606
245863693,11.1854
213511261,8.17551
278965763,13.5846
232609078,8.2654
262499797,14.8083
251116550,3.20854
273824705,14.0814
232610190,5.6196
260352096,14.8272
230017778,16.6516
215258019,10.3409
276453848,12.5192
243337598,4.20767
246991377,3.1603
220557560,11.907
237881358,4.7622
265684256,13.0646
271725674,12.8486
216526626,5.9666
271975726,13.0065
253250144,12.6532
214912528,11.1106
236778955,10.5785
255801066,8.9906
271281625,13.5371
220433364,9.42788
245868207,12.9587
264236761,8.3717
229977510,11.9247
270262152,8.1244
274229418,10.418
264501113,8.2353
218102429,5.0072
274802361,5.4165
236982345,4.1797
258800833,14.7345
209135578,5.1486
260372062,4.7652
268392799,13.202
260301896,5.7664
243393072,11.8043
219998924,8.3898
214221288,8.0234
281634912,8.066
230389303,14.6881
233526133,8.1009
289241104,5.2374
263615701,8.1131
241857040,15.5353
230689778,5.2429
218585950,5.4468
263925187,11.5419
271900514,11.6977
237290473,13.834
238092498,3.3597
230013314,14.5701
219140650,4.9137
264630136,14.5845
268397995,10.8266
243009315,11.2695
253912896,13.4448
225385243,8.3226
282813587,5.07131
219739347,12.9201
278731274,11.8589
245862464,13.2408
232133716,12.3655
280292762,13.2914
235103518,9.4912
238194430,12.544
231809798,12.4604
260504446,13.3129
229938464,14.5296
236013183,14.0847
272638098,5.4035
245830707,10.8465
277288050,8.1351
259037849,13.2167
286961399,3.5856
245907695,8.5935
253979617,5.884
259168338,12.2177
250196734,11.0869
233006806,12.3981
244252435,11.0503
243192504,12.8893
259586708,13.8229
272944302,14.0419
233967143,8.2331
287137719,8.2056
271903417,8.2666
260819364,8.6437
280945693,12.2727
286140201,12.6547
237940785,5.6758
286924204,13.6279
258066811,14.0719
243013515,8.5882
219856192,13.9165
233082499,14.0294
264301570,12.4988
289011971,8.3317
231833061,10.9619
234211934,11.4421
233576835,15.1849
250325337,3.8216
212950885,15.0608
211336288,5.8038
238226533,15.2509
279726914,10.2139
277298771,10.4446
231810776,12.0149
260356437,11.6556
212767038,8.2701
271973682,4.9002
286311568,9.6105
265336403,4.9809
275308895,5.2053
276967501,11.7705
227596323,5.4467
260506296,13.7444
288857260,12.5572
281498280,11.8879
220405105,12.7959
251845153,10.4417
245068282,12.2934
233717996,14.8757
288611883,14.554
236936072,5.8799
253657883,12.7824
237204998,13.5149
243381460,12.2148
251845233,2.8103
232633677,13.5174
233720265,11.9877
234506911,10.7682
267659086,4.3819
269831848,5.7122
272431317,12.6716
258101273,11.0904
239262664,13.2155
219260541,8.0486
233211759,12.5095
218192078,8.7261
268862481,11.572
286043955,9.4504
242779691,9.4073
284759517,8.9264
248944722,14.9523
236350885,5.8188
230082439,5.8917
276874981,8.0289
280911834,5.9196
230225513,13.3322
231289805,8.1814
268304568,14.2864
267263809,12.3851
252140076,11.1184
261335113,13.6527
220457904,5.496
230024775,13.8512
220371246,12.9952
288621065,9.8516
238805036,13.9635
220473309,8.4597
234523599,14.1266
280280909,13.3494
262573254,5.2551
253649496,15.311
288391863,4.95044
224838142,8.1959
229675762,14.5017
267091211,4.7058
271698614,8.0867
280794372,13.805
217549035,12.7677
244167769,5.0527
233058262,14.6721
220556072,8.0926
229573730,15.2714
279321185,5.8295
213700945,4.8451
288971260,4.5878
316934780,5.0026
349094313,8.4427
374648559,11.613
298781419,12.5455
333603437,13.602
367566696,5.8849
291320884,12.9315
387395552,8.4075
366411890,8.1611
366872321,5.8049
291194976,8.0169
383715654,4.3485
303840909,8.3315
290409985,8.0666
330650099,5.5546
318185293,8.222
353780525,11.5077
387897207,8.5302
382577618,5.1838
302760666,11.1505
316422381,13.7877
349791471,8.1605
306895522,5.6255
308744177,5.6152
379847121,14.8069
354814733,8.8063
307956290,14.2961
394817660,5.4356
389968719,12.5267
339770560,12.5532
354727907,14.5478
323354855,10.102
379413868,12.8426
294901598,5.20798
359631418,13.5941
371103468,11.1504
327089906,8.0898
294261093,5.1076
309151373,5.6564
319469216,12.2613
337465539,4.61733
378126824,12.0696
349576089,9.2679
355734358,12.5509
375475496,8.082
349369985,8.7854
299940359,5.7932
353991202,14.9428
339672887,5.112
334300228,13.6258
335103607,13.3934
393700571,5.1678
359552286,13.9758
356202062,11.682
323717669,14.6929
300139323,8.655
322048806,15.0839
367447894,8.0755
396934949,12.2051
349307344,12.5844
322650462,5.6978
293372732,16.2551
309068746,8.515
382069435,10.4534
394006752,10.9713
381949031,5.8545
357310884,12.9424
323196001,11.8604
365836278,8.1276
385213737,5.1682
356111584,4.96041
293462362,4.5527
316249183,13.0127
302908037,14.95
382630542,4.8867
301892354,4.6736
318986273,12.743
394008336,5.5594
350332233,13.2571
302029006,3.98823
337109866,8.5278
372908550,5.0934
390723518,8.2631
302672412,13.1704
380730351,13.6951
345170989,11.5708
345135732,9.799
349386047,5.55449
377129640,12.4406
342671711,8.3864
372850169,12.4925
349964939,8.2115
369603748,15.4482
312977160,11.732
382437417,12.0937
388413127,12.7107
317250749,5.7626
310057010,9.3346
366485026,8.0181
350845025,13.4271
323354786,10.9859
346725266,8.2384
316611578,17.7676
323478101,11.9134
313934158,15.0226
356921678,14.478
347416701,12.9396
337134552,12.053
291036393,3.41568
295071039,4.9766
318026636,8.6378
372340793,13.5876
328623457,5.8929
317873739,15.9531
301868495,8.0189
356752132,14.0105
296264014,12.4529
308542258,11.9708
359766954,11.1805
344984627,5.5715
338012707,4.4586
348992095,12.5373
391901960,5.762
316050212,14.5735
299906906,15.4034
308095225,5.9317
350094361,5.1048
292327083,12.2336
302455483,5.69926
312185848,12.041
388800141,12.404
300136074,8.5879
306933992,8.4938
397030925,5.5621
355336604,5.6255
299941037,12.0976
352693111,8.1465
366485177,5.70715
348334512,8.5453
293306792,12.4595
382032570,8.4151
379405328,5.2283
323292484,11.9429
350068322,5.0894
301137568,14.2523
362187226,13.5292
364425379,8.4645
316422400,11.9804
369215499,14.3333
310720311,11.976
392651143,13.3076
356974639,12.4023
355640518,14.4907
382602147,13.3147
293969029,12.9046
342866210,14.172
389754103,10.9523
360261300,13.6234
382581130,5.8564
308820098,8.8087
366325029,8.451
366499079,12.809
302849206,13.9164
346156366,9.4974
325275978,12.534
353898013,12.6288
299135660,4.98627
312471472,13.4956
396963417,5.6734
323688555,10.8517
334059016,14.5216
382523691,11.244
301083042,12.6575
290678703,5.2902
384196595,3.9845
319508664,4.8853
370010133,8.549
372953580,12.893
354997544,5.1756
363913149,4.9965
341193607,4.2408
305835973,10.9457
302532519,13.0936
301015473,5.1454
344840702,11.5557
387544749,10.8333
366558961,4.2927
298058420,5.7203
293519096,8.1305
315120782,12.4655
334754418,14.0908
308274438,12.91
302911227,8.1666
350298145,5.285
296790810,12.5096
309292175,5.4847
342087010,14.6664
310539654,5.6498
357102127,5.6507
357044866,14.3516
386905827,5.6419
367681735,11.8016
381750385,5.9609
308903145,11.5561
382419388,4.2788
389471462,13.5504
308451526,11.1666
392982986,8.515
348771456,8.4264
381605268,8.349
317018543,15.9277
326386874,13.8925
307210830,9.41242
340632776,8.6149
356896585,13.9131
334991661,8.4932
382379883,12.3998
368334916,12.6734
296084068,10.334
332545491,4.73032
360148823,12.63
381718221,5.5642
346897118,15.4896
360981550,11.9132
351287412,11.3765
308543286,11.323
293968698,9.8328
374268136,8.4368
325426915,11.5327
322229213,5.2866
350737433,8.3049
340638718,12.2878
363963079,12.9224
319906872,8.1075
383143632,5.7609
302899118,10.5271
324129509,8.1128
361958335,12.1916
356900912,10.9546
354535363,13.0885
301710123,10.7501
370246235,8.4078
304472372,8.4118
349269343,8.0038
302965929,10.5105
329122550,12.7471
393904939,9.4472
389753172,12.7464
339308290,11.067
340484005,5.8786
306736831,11.4935
359834490,12.859
358174423,11.0356
340780670,9.3875
381949410,11.0382
376870043,8.1962
334753537,8.6392
391874557,4.01647
300290824,5.5857
308186412,13.2572
293410627,10.7842
372749943,8.0094
356974629,13.1796
310198518,5.1304
346516748,5.5123
393453631,8.983
359426550,13.1391
376813436,12.8714
381950979,5.9337
327305253,8.6295
300323829,8.2392
300956162,8.1919
349647610,4.8602
290403648,5.072
383704693,12.2615
366072761,12.3815
345135733,11.6218
389042478,14.217
313404341,5.2347
389672830,5.8727
357596894,14.8162
293839267,15.0367
350021134,13.1889
383055703,14.0159
381912636,5.809
373673132,3.21913
359307236,10.5744
350987726,15.7052
395118038,7.6218
337359464,11.5733
336168427,4.4449
396290184,14.551
327305518,10.0291
290837273,5.6
309922736,8.8571
351333561,11.9643
300872489,8.0311
326771364,8.7637
308542808,11.4492
359455827,14.3026
365466012,12.6613
339828209,3.4892
347509478,8.16
382720578,12.3795
361818250,11.6175
388220845,2.7503
380547741,14.8191
300651846,13.4888
294327531,5.8909
382379884,11.3257
379376771,13.3026
307433122,12.4635
375036945,15.6254
364789840,8.266
350844713,11.4566
316968340,5.2689
348538431,13.2304
367949372,5.8503
330029358,5.729
308146525,8.4067
332633554,5.74373
312486827,12.9363
333557762,5.5507
332715726,13.4714
383201481,13.8518
311592558,12.6387
299943301,8.5345
380426501,5.5829
366296114,4.19737
331532483,7.8367
383598522,11.2899
379090553,12.3698
374349739,8.9749
332712629,5.898
349005337,12.4724
312160410,11.9194
347939270,8.5662
344552743,12.2362
324122933,11.3183
381856446,12.2989
359641042,11.8448
330687291,14.2639
296099642,5.5588
385552421,14.918
379527125,5.1614
374861595,14.0758
293378046,15.7574
319362182,16.145
304541373,8.3987
397143213,5.8045
389916454,14.7887
356619575,12.2265
374062307,5.0371
370227221,8.0996
386078250,12.6561
298998109,5.4761
319558164,12.2991
383704691,12.7219
388436487,10.2505
350298319,12.922
375089268,8.032
381925942,4.5375
328468855,12.2633
370008372,3.9388
346939429,11.8928
347540240,4.1867
344769778,12.8623
306774665,8.362
347084363,8.685
306404221,3.63693
353783319,8.1775
342671370,10.9176
350516154,12.803
367347402,8.3689
323445628,5.0444
357041796,12.3841
373432787,12.9376
394579741,2.6658
347624278,4.01151
356108750,14.5227
290486039,5.7327
292333486,5.3231
300244770,5.2488
312907176,13.0076
366752614,13.3442
359137193,11.4758
294090802,5.8882
319306883,5.8602
396375312,9.1305
371331872,10.409
358457398,11.3587
337470211,12.4577
387538764,8.0005
309299238,13.5645
337008420,5.0023
362123558,14.9277
367947284,8.0369
352912870,8.3593
360221915,4.9771
300020398,5.9911
399421408,13.8458
415691639,15.212
408628633,3.93892
451211626,14.762
425907353,5.4924
412725926,8.8504
434395855,13.9341
454328142,12.7689
406040223,13.5438
437696708,8.1918
404968457,5.9713
468189765,5.2602
419502814,13.7225
400621146,11.9302
401185050,12.1119
441809977,13.4259
443799244,8.6213
428794154,8.095
431085335,4.8162
436614005,10.8441
459758530,13.9553
453033571,3.4807
420129036,3.7864
415347193,8.9314
425934411,14.7109
406276109,13.8137
405513314,10.7465
440371090,13.5396
451508376,5.491
428749484,16.8743
410451502,3.2693
441315390,5.895
440726015,14.4562
457427613,5.25
441054055,12.3577
437322147,15.1067
458123688,12.5857
427240420,11.5217
441702640,12.7108
397873468,8.166
399151944,10.3855
458592857,5.7316
802001001,11.0272
442623945,10.3965
412904376,5.2701
467787137,8.3576
452591819,11.7656
405237154,9.9206
422788733,12.5817
453416841,11.4439
404342815,11.6187
464531488,5.6154
1718077158,13.7479
422443545,4.7975
408445554,8.1294
408651399,11.2225
460077052,15.8928
405490026,13.8772
430868329,8.7018
423364940,5.6607
471011949,5.972
408188366,13.3874
436693263,11.9513
408627978,10.689
444928992,8.0028
460244920,12.5209
441285057,8.4081
464126648,5.3678
405946640,8.0104
458689266,9.2438
398462325,8.0977
422786628,14.3425
429202565,13.4126
441210585,5.8625
451461720,12.1119
443117794,14.1046
471012590,12.7687
453808153,12.818
443750157,14.1299
441113863,8.4687
456944264,14.2712
453012065,5.68939
413738130,12.645
404156386,10.0553
432614346,13.1295
402319281,10.3052
456932457,8.0861
471012281,14.318
451615171,12.1222
422043783,14.1688
455947620,13.7057
471011938,8.1514
466276020,14.0705
401397653,5.3862
465443624,8.1441
950715112,9.7127
428108136,16.7379
426158940,8.0278
399057171,4.62587
443666643,12.6469
424856699,4.9737
399781021,13.6573
461288343,13.4239
425767093,5.9527
438790188,12.2736
440704339,13.7307
435035682,13.3991
468346631,13.1485
1551345500,11.2018
443905631,12.8269
442932272,10.59
447993848,12.0335
440755032,2.68609
412494825,11.7916
1112466814,12.078
403273614,5.7561
400728646,11.693
452591471,12.2041
469447969,5.1325
434260570,12.986
426481552,8.954
458597161,12.0276
401228262,10.5427
442549866,14.7935
436158814,12.8722
408411330,12.3594
453100169,5.7875
400514554,8.159
802663625,10.3038
444009479,4.99908
464511838,3.9009
470084960,5.3178
435249044,8.5608
422632448,11.9556
424703826,5.2427
397284904,12.7115
467051259,10.187
412753134,8.4273
456197448,8.5181
457990172,8.0977
436982056,13.6958
453322830,5.5145
424880540,8.3044
400481181,5.5047
415393725,8.0248
397287362,10.3304
454437841,5.6159
463045467,3.8023
451513640,7.0451
408068720,10.7242
425281404,8.0675
443405175,4.58
435917166,13.4545
421747056,8.7668
445392860,14.881
408784428,5.3071
405040121,11.4987
445069009,12.4703
408967969,16.0042
437057036,11.4845
423124942,12.3006
459979709,12.582
403288575,5.7565
405473897,5.8592
446182084,10.5315
425864141,13.8697
436614017,11.3191
448696074,8.8297
427546152,12.6597
436948769,14.5097
468958384,13.2499
410996127,5.2277
452840249,15.2193
405484300,14.4309
411614400,10.8706
412129392,13.7293
422675715,8.5386
415469752,12.1376
441014460,12.5522
459281482,3.17484
402659713,5.7375
432915224,14.6041
441717732,14.87
408651394,11.6373
401430205,11.9705
462320070,12.8981
410745245,13.099
441808296,11.6639
435906818,9.0678
433440773,12.466
435306355,13.5855
400411475,8.3877
403275212,8.728
420113351,11.8129
447630626,8.5889
460820330,14.2891
468976732,5.4643
418356777,4.9415
411925682,13.3385
442583304,11.8345
399948127,11.9719
412236102,14.3875
406334974,4.9439
453854183,5.1669
442171400,10.0277
418532689,13.1028
469979458,5.4363
429021446,15.7322
409473377,14.0778
458517521,10.3972
466439394,5.7851
441799482,14.9421
434105231,12.9517
436335319,15.2577
420114773,14.6343
458518332,4.9333
452358088,5.1515
405754448,9.6339
409942614,5.9388
458199516,5.229
456932264,5.7078
438790187,9.6928
436869712,10.3301
413746112,8.3385
470275219,13.0048
449671660,11.6718
464509446,4.525
417678531,15.7195
399797809,8.2223
405089321,12.1495
441387582,10.5709
469974264,11.9047
458655349,8.0549
451960523,13.9113
408552008,12.5844
437287617,8.3328
448002486,13.3063
411229704,5.3892
405211717,4.19443
405431451,14.7987
409900613,13.1692
422275711,8.6076
447734030,5.9567
400565837,4.01578
422566060,5.8275
444007256,5.6861
466045629,14.0853
404664076,8.1713
445992850,8.6999
437852410,5.83479
408474216,12.8025
